<?xml version="1.0" encoding="utf-8"?>
<encryption xmlns:enc="http://www.w3.org/2001/04/xmlenc#" xmlns:ds="http://www.w3.org/2000/09/xmldsig#" xmlns="urn:oasis:names:tc:opendocument:xmlns:container">
	<enc:EncryptedData Id="ED1">
		<enc:EncryptionMethod Algorithm="http://www.w3.org/2001/04/xmlenc#aes256-cbc" />
		<ds:KeyInfo>
			<ds:RetrievalMethod URI="license.lcpl#/encryption/content_key" Type="http://readium.org/2014/01/lcp#EncryptedContentKey" />
		</ds:KeyInfo>
		<enc:CipherData>
			<enc:CipherReference URI="OEBPS/audio/silence10.m4a" />
		</enc:CipherData>
	</enc:EncryptedData>
	<enc:EncryptedData Id="ED2">
		<enc:EncryptionMethod Algorithm="http://www.w3.org/2001/04/xmlenc#aes256-cbc" />
		<ds:KeyInfo>
			<ds:RetrievalMethod URI="license.lcpl#/encryption/content_key" Type="http://readium.org/2014/01/lcp#EncryptedContentKey" />
		</ds:KeyInfo>
		<enc:CipherData>
			<enc:CipherReference URI="OEBPS/audio/silence10_r.m4a" />
		</enc:CipherData>
	</enc:EncryptedData>
	<enc:EncryptedData Id="ED3">
		<enc:EncryptionMethod Algorithm="http://www.w3.org/2001/04/xmlenc#aes256-cbc" />
		<ds:KeyInfo>
			<ds:RetrievalMethod URI="license.lcpl#/encryption/content_key" Type="http://readium.org/2014/01/lcp#EncryptedContentKey" />
		</ds:KeyInfo>
		<enc:CipherData>
			<enc:CipherReference URI="OEBPS/audio/tagline_muisc1_renee.m4a" />
		</enc:CipherData>
	</enc:EncryptedData>
	<enc:EncryptedData Id="ED4">
		<enc:EncryptionMethod Algorithm="http://www.w3.org/2001/04/xmlenc#aes256-cbc" />
		<ds:KeyInfo>
			<ds:RetrievalMethod URI="license.lcpl#/encryption/content_key" Type="http://readium.org/2014/01/lcp#EncryptedContentKey" />
		</ds:KeyInfo>
		<enc:CipherData>
			<enc:CipherReference URI="OEBPS/audio/whispering_town05.m4a" />
		</enc:CipherData>
	</enc:EncryptedData>
	<enc:EncryptedData Id="ED5">
		<enc:EncryptionMethod Algorithm="http://www.w3.org/2001/04/xmlenc#aes256-cbc" />
		<ds:KeyInfo>
			<ds:RetrievalMethod URI="license.lcpl#/encryption/content_key" Type="http://readium.org/2014/01/lcp#EncryptedContentKey" />
		</ds:KeyInfo>
		<enc:CipherData>
			<enc:CipherReference URI="OEBPS/audio/whispering_town06.m4a" />
		</enc:CipherData>
	</enc:EncryptedData>
	<enc:EncryptedData Id="ED6">
		<enc:EncryptionMethod Algorithm="http://www.w3.org/2001/04/xmlenc#aes256-cbc" />
		<ds:KeyInfo>
			<ds:RetrievalMethod URI="license.lcpl#/encryption/content_key" Type="http://readium.org/2014/01/lcp#EncryptedContentKey" />
		</ds:KeyInfo>
		<enc:CipherData>
			<enc:CipherReference URI="OEBPS/audio/whispering_town07.m4a" />
		</enc:CipherData>
	</enc:EncryptedData>
	<enc:EncryptedData Id="ED7">
		<enc:EncryptionMethod Algorithm="http://www.w3.org/2001/04/xmlenc#aes256-cbc" />
		<ds:KeyInfo>
			<ds:RetrievalMethod URI="license.lcpl#/encryption/content_key" Type="http://readium.org/2014/01/lcp#EncryptedContentKey" />
		</ds:KeyInfo>
		<enc:CipherData>
			<enc:CipherReference URI="OEBPS/audio/whispering_town08.m4a" />
		</enc:CipherData>
	</enc:EncryptedData>
	<enc:EncryptedData Id="ED8">
		<enc:EncryptionMethod Algorithm="http://www.w3.org/2001/04/xmlenc#aes256-cbc" />
		<ds:KeyInfo>
			<ds:RetrievalMethod URI="license.lcpl#/encryption/content_key" Type="http://readium.org/2014/01/lcp#EncryptedContentKey" />
		</ds:KeyInfo>
		<enc:CipherData>
			<enc:CipherReference URI="OEBPS/audio/whispering_town10.m4a" />
		</enc:CipherData>
	</enc:EncryptedData>
	<enc:EncryptedData Id="ED9">
		<enc:EncryptionMethod Algorithm="http://www.w3.org/2001/04/xmlenc#aes256-cbc" />
		<ds:KeyInfo>
			<ds:RetrievalMethod URI="license.lcpl#/encryption/content_key" Type="http://readium.org/2014/01/lcp#EncryptedContentKey" />
		</ds:KeyInfo>
		<enc:CipherData>
			<enc:CipherReference URI="OEBPS/audio/whispering_town11.m4a" />
		</enc:CipherData>
	</enc:EncryptedData>
	<enc:EncryptedData Id="ED10">
		<enc:EncryptionMethod Algorithm="http://www.w3.org/2001/04/xmlenc#aes256-cbc" />
		<ds:KeyInfo>
			<ds:RetrievalMethod URI="license.lcpl#/encryption/content_key" Type="http://readium.org/2014/01/lcp#EncryptedContentKey" />
		</ds:KeyInfo>
		<enc:CipherData>
			<enc:CipherReference URI="OEBPS/audio/whispering_town12.m4a" />
		</enc:CipherData>
	</enc:EncryptedData>
	<enc:EncryptedData Id="ED11">
		<enc:EncryptionMethod Algorithm="http://www.w3.org/2001/04/xmlenc#aes256-cbc" />
		<ds:KeyInfo>
			<ds:RetrievalMethod URI="license.lcpl#/encryption/content_key" Type="http://readium.org/2014/01/lcp#EncryptedContentKey" />
		</ds:KeyInfo>
		<enc:CipherData>
			<enc:CipherReference URI="OEBPS/audio/whispering_town13.m4a" />
		</enc:CipherData>
	</enc:EncryptedData>
	<enc:EncryptedData Id="ED12">
		<enc:EncryptionMethod Algorithm="http://www.w3.org/2001/04/xmlenc#aes256-cbc" />
		<ds:KeyInfo>
			<ds:RetrievalMethod URI="license.lcpl#/encryption/content_key" Type="http://readium.org/2014/01/lcp#EncryptedContentKey" />
		</ds:KeyInfo>
		<enc:CipherData>
			<enc:CipherReference URI="OEBPS/audio/whispering_town14.m4a" />
		</enc:CipherData>
	</enc:EncryptedData>
	<enc:EncryptedData Id="ED13">
		<enc:EncryptionMethod Algorithm="http://www.w3.org/2001/04/xmlenc#aes256-cbc" />
		<ds:KeyInfo>
			<ds:RetrievalMethod URI="license.lcpl#/encryption/content_key" Type="http://readium.org/2014/01/lcp#EncryptedContentKey" />
		</ds:KeyInfo>
		<enc:CipherData>
			<enc:CipherReference URI="OEBPS/audio/whispering_town15.m4a" />
		</enc:CipherData>
	</enc:EncryptedData>
	<enc:EncryptedData Id="ED14">
		<enc:EncryptionMethod Algorithm="http://www.w3.org/2001/04/xmlenc#aes256-cbc" />
		<ds:KeyInfo>
			<ds:RetrievalMethod URI="license.lcpl#/encryption/content_key" Type="http://readium.org/2014/01/lcp#EncryptedContentKey" />
		</ds:KeyInfo>
		<enc:CipherData>
			<enc:CipherReference URI="OEBPS/audio/whispering_town16.m4a" />
		</enc:CipherData>
	</enc:EncryptedData>
	<enc:EncryptedData Id="ED15">
		<enc:EncryptionMethod Algorithm="http://www.w3.org/2001/04/xmlenc#aes256-cbc" />
		<ds:KeyInfo>
			<ds:RetrievalMethod URI="license.lcpl#/encryption/content_key" Type="http://readium.org/2014/01/lcp#EncryptedContentKey" />
		</ds:KeyInfo>
		<enc:CipherData>
			<enc:CipherReference URI="OEBPS/audio/whispering_town17.m4a" />
		</enc:CipherData>
	</enc:EncryptedData>
	<enc:EncryptedData Id="ED16">
		<enc:EncryptionMethod Algorithm="http://www.w3.org/2001/04/xmlenc#aes256-cbc" />
		<ds:KeyInfo>
			<ds:RetrievalMethod URI="license.lcpl#/encryption/content_key" Type="http://readium.org/2014/01/lcp#EncryptedContentKey" />
		</ds:KeyInfo>
		<enc:CipherData>
			<enc:CipherReference URI="OEBPS/audio/whispering_town18.m4a" />
		</enc:CipherData>
	</enc:EncryptedData>
	<enc:EncryptedData Id="ED17">
		<enc:EncryptionMethod Algorithm="http://www.w3.org/2001/04/xmlenc#aes256-cbc" />
		<ds:KeyInfo>
			<ds:RetrievalMethod URI="license.lcpl#/encryption/content_key" Type="http://readium.org/2014/01/lcp#EncryptedContentKey" />
		</ds:KeyInfo>
		<enc:CipherData>
			<enc:CipherReference URI="OEBPS/audio/whispering_town19.m4a" />
		</enc:CipherData>
	</enc:EncryptedData>
	<enc:EncryptedData Id="ED18">
		<enc:EncryptionMethod Algorithm="http://www.w3.org/2001/04/xmlenc#aes256-cbc" />
		<ds:KeyInfo>
			<ds:RetrievalMethod URI="license.lcpl#/encryption/content_key" Type="http://readium.org/2014/01/lcp#EncryptedContentKey" />
		</ds:KeyInfo>
		<enc:CipherData>
			<enc:CipherReference URI="OEBPS/audio/whispering_town20.m4a" />
		</enc:CipherData>
	</enc:EncryptedData>
	<enc:EncryptedData Id="ED19">
		<enc:EncryptionMethod Algorithm="http://www.w3.org/2001/04/xmlenc#aes256-cbc" />
		<ds:KeyInfo>
			<ds:RetrievalMethod URI="license.lcpl#/encryption/content_key" Type="http://readium.org/2014/01/lcp#EncryptedContentKey" />
		</ds:KeyInfo>
		<enc:CipherData>
			<enc:CipherReference URI="OEBPS/audio/whispering_town21.m4a" />
		</enc:CipherData>
	</enc:EncryptedData>
	<enc:EncryptedData Id="ED20">
		<enc:EncryptionMethod Algorithm="http://www.w3.org/2001/04/xmlenc#aes256-cbc" />
		<ds:KeyInfo>
			<ds:RetrievalMethod URI="license.lcpl#/encryption/content_key" Type="http://readium.org/2014/01/lcp#EncryptedContentKey" />
		</ds:KeyInfo>
		<enc:CipherData>
			<enc:CipherReference URI="OEBPS/audio/whispering_town22.m4a" />
		</enc:CipherData>
	</enc:EncryptedData>
	<enc:EncryptedData Id="ED21">
		<enc:EncryptionMethod Algorithm="http://www.w3.org/2001/04/xmlenc#aes256-cbc" />
		<ds:KeyInfo>
			<ds:RetrievalMethod URI="license.lcpl#/encryption/content_key" Type="http://readium.org/2014/01/lcp#EncryptedContentKey" />
		</ds:KeyInfo>
		<enc:CipherData>
			<enc:CipherReference URI="OEBPS/audio/whispering_town23.m4a" />
		</enc:CipherData>
	</enc:EncryptedData>
	<enc:EncryptedData Id="ED22">
		<enc:EncryptionMethod Algorithm="http://www.w3.org/2001/04/xmlenc#aes256-cbc" />
		<ds:KeyInfo>
			<ds:RetrievalMethod URI="license.lcpl#/encryption/content_key" Type="http://readium.org/2014/01/lcp#EncryptedContentKey" />
		</ds:KeyInfo>
		<enc:CipherData>
			<enc:CipherReference URI="OEBPS/audio/whispering_town24.m4a" />
		</enc:CipherData>
	</enc:EncryptedData>
	<enc:EncryptedData Id="ED23">
		<enc:EncryptionMethod Algorithm="http://www.w3.org/2001/04/xmlenc#aes256-cbc" />
		<ds:KeyInfo>
			<ds:RetrievalMethod URI="license.lcpl#/encryption/content_key" Type="http://readium.org/2014/01/lcp#EncryptedContentKey" />
		</ds:KeyInfo>
		<enc:CipherData>
			<enc:CipherReference URI="OEBPS/audio/whispering_town26.m4a" />
		</enc:CipherData>
	</enc:EncryptedData>
	<enc:EncryptedData Id="ED24">
		<enc:EncryptionMethod Algorithm="http://www.w3.org/2001/04/xmlenc#aes256-cbc" />
		<ds:KeyInfo>
			<ds:RetrievalMethod URI="license.lcpl#/encryption/content_key" Type="http://readium.org/2014/01/lcp#EncryptedContentKey" />
		</ds:KeyInfo>
		<enc:CipherData>
			<enc:CipherReference URI="OEBPS/audio/whispering_town28.m4a" />
		</enc:CipherData>
	</enc:EncryptedData>
	<enc:EncryptedData Id="ED25">
		<enc:EncryptionMethod Algorithm="http://www.w3.org/2001/04/xmlenc#aes256-cbc" />
		<ds:KeyInfo>
			<ds:RetrievalMethod URI="license.lcpl#/encryption/content_key" Type="http://readium.org/2014/01/lcp#EncryptedContentKey" />
		</ds:KeyInfo>
		<enc:CipherData>
			<enc:CipherReference URI="OEBPS/audio/whispering_town30.m4a" />
		</enc:CipherData>
	</enc:EncryptedData>
	<enc:EncryptedData Id="ED26">
		<enc:EncryptionMethod Algorithm="http://www.w3.org/2001/04/xmlenc#aes256-cbc" />
		<ds:KeyInfo>
			<ds:RetrievalMethod URI="license.lcpl#/encryption/content_key" Type="http://readium.org/2014/01/lcp#EncryptedContentKey" />
		</ds:KeyInfo>
		<enc:CipherData>
			<enc:CipherReference URI="OEBPS/audio/whispering_town31.m4a" />
		</enc:CipherData>
	</enc:EncryptedData>
	<enc:EncryptedData Id="ED27">
		<enc:EncryptionMethod Algorithm="http://www.w3.org/2001/04/xmlenc#aes256-cbc" />
		<ds:KeyInfo>
			<ds:RetrievalMethod URI="license.lcpl#/encryption/content_key" Type="http://readium.org/2014/01/lcp#EncryptedContentKey" />
		</ds:KeyInfo>
		<enc:CipherData>
			<enc:CipherReference URI="OEBPS/audio/whispering_town_title2.m4a" />
		</enc:CipherData>
	</enc:EncryptedData>
	<enc:EncryptedData Id="ED28">
		<enc:EncryptionMethod Algorithm="http://www.w3.org/2001/04/xmlenc#aes256-cbc" />
		<ds:KeyInfo>
			<ds:RetrievalMethod URI="license.lcpl#/encryption/content_key" Type="http://readium.org/2014/01/lcp#EncryptedContentKey" />
		</ds:KeyInfo>
		<enc:CipherData>
			<enc:CipherReference URI="OEBPS/customstyles.css" />
		</enc:CipherData>
	</enc:EncryptedData>
	<enc:EncryptedData Id="ED29">
		<enc:EncryptionMethod Algorithm="http://www.w3.org/2001/04/xmlenc#aes256-cbc" />
		<ds:KeyInfo>
			<ds:RetrievalMethod URI="license.lcpl#/encryption/content_key" Type="http://readium.org/2014/01/lcp#EncryptedContentKey" />
		</ds:KeyInfo>
		<enc:CipherData>
			<enc:CipherReference URI="OEBPS/Fonts/AndradePro.otf" />
		</enc:CipherData>
	</enc:EncryptedData>
	<enc:EncryptedData Id="ED30">
		<enc:EncryptionMethod Algorithm="http://www.w3.org/2001/04/xmlenc#aes256-cbc" />
		<ds:KeyInfo>
			<ds:RetrievalMethod URI="license.lcpl#/encryption/content_key" Type="http://readium.org/2014/01/lcp#EncryptedContentKey" />
		</ds:KeyInfo>
		<enc:CipherData>
			<enc:CipherReference URI="OEBPS/Fonts/AvenirLTStd-Black.otf" />
		</enc:CipherData>
	</enc:EncryptedData>
	<enc:EncryptedData Id="ED31">
		<enc:EncryptionMethod Algorithm="http://www.w3.org/2001/04/xmlenc#aes256-cbc" />
		<ds:KeyInfo>
			<ds:RetrievalMethod URI="license.lcpl#/encryption/content_key" Type="http://readium.org/2014/01/lcp#EncryptedContentKey" />
		</ds:KeyInfo>
		<enc:CipherData>
			<enc:CipherReference URI="OEBPS/Fonts/AvenirLTStd-Heavy.otf" />
		</enc:CipherData>
	</enc:EncryptedData>
	<enc:EncryptedData Id="ED32">
		<enc:EncryptionMethod Algorithm="http://www.w3.org/2001/04/xmlenc#aes256-cbc" />
		<ds:KeyInfo>
			<ds:RetrievalMethod URI="license.lcpl#/encryption/content_key" Type="http://readium.org/2014/01/lcp#EncryptedContentKey" />
		</ds:KeyInfo>
		<enc:CipherData>
			<enc:CipherReference URI="OEBPS/Fonts/AvenirLTStd-Light.otf" />
		</enc:CipherData>
	</enc:EncryptedData>
	<enc:EncryptedData Id="ED33">
		<enc:EncryptionMethod Algorithm="http://www.w3.org/2001/04/xmlenc#aes256-cbc" />
		<ds:KeyInfo>
			<ds:RetrievalMethod URI="license.lcpl#/encryption/content_key" Type="http://readium.org/2014/01/lcp#EncryptedContentKey" />
		</ds:KeyInfo>
		<enc:CipherData>
			<enc:CipherReference URI="OEBPS/Fonts/AvenirLTStd-Medium.otf" />
		</enc:CipherData>
	</enc:EncryptedData>
	<enc:EncryptedData Id="ED34">
		<enc:EncryptionMethod Algorithm="http://www.w3.org/2001/04/xmlenc#aes256-cbc" />
		<ds:KeyInfo>
			<ds:RetrievalMethod URI="license.lcpl#/encryption/content_key" Type="http://readium.org/2014/01/lcp#EncryptedContentKey" />
		</ds:KeyInfo>
		<enc:CipherData>
			<enc:CipherReference URI="OEBPS/Fonts/AvenirLTStd-Roman.otf" />
		</enc:CipherData>
	</enc:EncryptedData>
	<enc:EncryptedData Id="ED35">
		<enc:EncryptionMethod Algorithm="http://www.w3.org/2001/04/xmlenc#aes256-cbc" />
		<ds:KeyInfo>
			<ds:RetrievalMethod URI="license.lcpl#/encryption/content_key" Type="http://readium.org/2014/01/lcp#EncryptedContentKey" />
		</ds:KeyInfo>
		<enc:CipherData>
			<enc:CipherReference URI="OEBPS/Fonts/BlackadderITCStd.otf" />
		</enc:CipherData>
	</enc:EncryptedData>
	<enc:EncryptedData Id="ED36">
		<enc:EncryptionMethod Algorithm="http://www.w3.org/2001/04/xmlenc#aes256-cbc" />
		<ds:KeyInfo>
			<ds:RetrievalMethod URI="license.lcpl#/encryption/content_key" Type="http://readium.org/2014/01/lcp#EncryptedContentKey" />
		</ds:KeyInfo>
		<enc:CipherData>
			<enc:CipherReference URI="OEBPS/Fonts/CoventryITCStd-Heavy.otf" />
		</enc:CipherData>
	</enc:EncryptedData>
	<enc:EncryptedData Id="ED37">
		<enc:EncryptionMethod Algorithm="http://www.w3.org/2001/04/xmlenc#aes256-cbc" />
		<ds:KeyInfo>
			<ds:RetrievalMethod URI="license.lcpl#/encryption/content_key" Type="http://readium.org/2014/01/lcp#EncryptedContentKey" />
		</ds:KeyInfo>
		<enc:CipherData>
			<enc:CipherReference URI="OEBPS/Fonts/CoventryITCStd-Thin.otf" />
		</enc:CipherData>
	</enc:EncryptedData>
	<enc:EncryptedData Id="ED38">
		<enc:EncryptionMethod Algorithm="http://www.w3.org/2001/04/xmlenc#aes256-cbc" />
		<ds:KeyInfo>
			<ds:RetrievalMethod URI="license.lcpl#/encryption/content_key" Type="http://readium.org/2014/01/lcp#EncryptedContentKey" />
		</ds:KeyInfo>
		<enc:CipherData>
			<enc:CipherReference URI="OEBPS/Fonts/SackersGothicStd-Medium.otf" />
		</enc:CipherData>
	</enc:EncryptedData>
	<enc:EncryptedData Id="ED39">
		<enc:EncryptionMethod Algorithm="http://www.w3.org/2001/04/xmlenc#aes256-cbc" />
		<ds:KeyInfo>
			<ds:RetrievalMethod URI="license.lcpl#/encryption/content_key" Type="http://readium.org/2014/01/lcp#EncryptedContentKey" />
		</ds:KeyInfo>
		<enc:CipherData>
			<enc:CipherReference URI="OEBPS/Fonts/Yellabelly.ttf" />
		</enc:CipherData>
	</enc:EncryptedData>
	<enc:EncryptedData Id="ED40">
		<enc:EncryptionMethod Algorithm="http://www.w3.org/2001/04/xmlenc#aes256-cbc" />
		<ds:KeyInfo>
			<ds:RetrievalMethod URI="license.lcpl#/encryption/content_key" Type="http://readium.org/2014/01/lcp#EncryptedContentKey" />
		</ds:KeyInfo>
		<enc:CipherData>
			<enc:CipherReference URI="OEBPS/images/cover.jpg" />
		</enc:CipherData>
	</enc:EncryptedData>
	<enc:EncryptedData Id="ED41">
		<enc:EncryptionMethod Algorithm="http://www.w3.org/2001/04/xmlenc#aes256-cbc" />
		<ds:KeyInfo>
			<ds:RetrievalMethod URI="license.lcpl#/encryption/content_key" Type="http://readium.org/2014/01/lcp#EncryptedContentKey" />
		</ds:KeyInfo>
		<enc:CipherData>
			<enc:CipherReference URI="OEBPS/images/graphics_1.jpg" />
		</enc:CipherData>
	</enc:EncryptedData>
	<enc:EncryptedData Id="ED42">
		<enc:EncryptionMethod Algorithm="http://www.w3.org/2001/04/xmlenc#aes256-cbc" />
		<ds:KeyInfo>
			<ds:RetrievalMethod URI="license.lcpl#/encryption/content_key" Type="http://readium.org/2014/01/lcp#EncryptedContentKey" />
		</ds:KeyInfo>
		<enc:CipherData>
			<enc:CipherReference URI="OEBPS/images/graphics_10.jpg" />
		</enc:CipherData>
	</enc:EncryptedData>
	<enc:EncryptedData Id="ED43">
		<enc:EncryptionMethod Algorithm="http://www.w3.org/2001/04/xmlenc#aes256-cbc" />
		<ds:KeyInfo>
			<ds:RetrievalMethod URI="license.lcpl#/encryption/content_key" Type="http://readium.org/2014/01/lcp#EncryptedContentKey" />
		</ds:KeyInfo>
		<enc:CipherData>
			<enc:CipherReference URI="OEBPS/images/graphics_11.jpg" />
		</enc:CipherData>
	</enc:EncryptedData>
	<enc:EncryptedData Id="ED44">
		<enc:EncryptionMethod Algorithm="http://www.w3.org/2001/04/xmlenc#aes256-cbc" />
		<ds:KeyInfo>
			<ds:RetrievalMethod URI="license.lcpl#/encryption/content_key" Type="http://readium.org/2014/01/lcp#EncryptedContentKey" />
		</ds:KeyInfo>
		<enc:CipherData>
			<enc:CipherReference URI="OEBPS/images/graphics_12.jpg" />
		</enc:CipherData>
	</enc:EncryptedData>
	<enc:EncryptedData Id="ED45">
		<enc:EncryptionMethod Algorithm="http://www.w3.org/2001/04/xmlenc#aes256-cbc" />
		<ds:KeyInfo>
			<ds:RetrievalMethod URI="license.lcpl#/encryption/content_key" Type="http://readium.org/2014/01/lcp#EncryptedContentKey" />
		</ds:KeyInfo>
		<enc:CipherData>
			<enc:CipherReference URI="OEBPS/images/graphics_13.jpg" />
		</enc:CipherData>
	</enc:EncryptedData>
	<enc:EncryptedData Id="ED46">
		<enc:EncryptionMethod Algorithm="http://www.w3.org/2001/04/xmlenc#aes256-cbc" />
		<ds:KeyInfo>
			<ds:RetrievalMethod URI="license.lcpl#/encryption/content_key" Type="http://readium.org/2014/01/lcp#EncryptedContentKey" />
		</ds:KeyInfo>
		<enc:CipherData>
			<enc:CipherReference URI="OEBPS/images/graphics_14.jpg" />
		</enc:CipherData>
	</enc:EncryptedData>
	<enc:EncryptedData Id="ED47">
		<enc:EncryptionMethod Algorithm="http://www.w3.org/2001/04/xmlenc#aes256-cbc" />
		<ds:KeyInfo>
			<ds:RetrievalMethod URI="license.lcpl#/encryption/content_key" Type="http://readium.org/2014/01/lcp#EncryptedContentKey" />
		</ds:KeyInfo>
		<enc:CipherData>
			<enc:CipherReference URI="OEBPS/images/graphics_15.jpg" />
		</enc:CipherData>
	</enc:EncryptedData>
	<enc:EncryptedData Id="ED48">
		<enc:EncryptionMethod Algorithm="http://www.w3.org/2001/04/xmlenc#aes256-cbc" />
		<ds:KeyInfo>
			<ds:RetrievalMethod URI="license.lcpl#/encryption/content_key" Type="http://readium.org/2014/01/lcp#EncryptedContentKey" />
		</ds:KeyInfo>
		<enc:CipherData>
			<enc:CipherReference URI="OEBPS/images/graphics_16.jpg" />
		</enc:CipherData>
	</enc:EncryptedData>
	<enc:EncryptedData Id="ED49">
		<enc:EncryptionMethod Algorithm="http://www.w3.org/2001/04/xmlenc#aes256-cbc" />
		<ds:KeyInfo>
			<ds:RetrievalMethod URI="license.lcpl#/encryption/content_key" Type="http://readium.org/2014/01/lcp#EncryptedContentKey" />
		</ds:KeyInfo>
		<enc:CipherData>
			<enc:CipherReference URI="OEBPS/images/graphics_17.jpg" />
		</enc:CipherData>
	</enc:EncryptedData>
	<enc:EncryptedData Id="ED50">
		<enc:EncryptionMethod Algorithm="http://www.w3.org/2001/04/xmlenc#aes256-cbc" />
		<ds:KeyInfo>
			<ds:RetrievalMethod URI="license.lcpl#/encryption/content_key" Type="http://readium.org/2014/01/lcp#EncryptedContentKey" />
		</ds:KeyInfo>
		<enc:CipherData>
			<enc:CipherReference URI="OEBPS/images/graphics_18.jpg" />
		</enc:CipherData>
	</enc:EncryptedData>
	<enc:EncryptedData Id="ED51">
		<enc:EncryptionMethod Algorithm="http://www.w3.org/2001/04/xmlenc#aes256-cbc" />
		<ds:KeyInfo>
			<ds:RetrievalMethod URI="license.lcpl#/encryption/content_key" Type="http://readium.org/2014/01/lcp#EncryptedContentKey" />
		</ds:KeyInfo>
		<enc:CipherData>
			<enc:CipherReference URI="OEBPS/images/graphics_19.jpg" />
		</enc:CipherData>
	</enc:EncryptedData>
	<enc:EncryptedData Id="ED52">
		<enc:EncryptionMethod Algorithm="http://www.w3.org/2001/04/xmlenc#aes256-cbc" />
		<ds:KeyInfo>
			<ds:RetrievalMethod URI="license.lcpl#/encryption/content_key" Type="http://readium.org/2014/01/lcp#EncryptedContentKey" />
		</ds:KeyInfo>
		<enc:CipherData>
			<enc:CipherReference URI="OEBPS/images/graphics_2.jpg" />
		</enc:CipherData>
	</enc:EncryptedData>
	<enc:EncryptedData Id="ED53">
		<enc:EncryptionMethod Algorithm="http://www.w3.org/2001/04/xmlenc#aes256-cbc" />
		<ds:KeyInfo>
			<ds:RetrievalMethod URI="license.lcpl#/encryption/content_key" Type="http://readium.org/2014/01/lcp#EncryptedContentKey" />
		</ds:KeyInfo>
		<enc:CipherData>
			<enc:CipherReference URI="OEBPS/images/graphics_20.jpg" />
		</enc:CipherData>
	</enc:EncryptedData>
	<enc:EncryptedData Id="ED54">
		<enc:EncryptionMethod Algorithm="http://www.w3.org/2001/04/xmlenc#aes256-cbc" />
		<ds:KeyInfo>
			<ds:RetrievalMethod URI="license.lcpl#/encryption/content_key" Type="http://readium.org/2014/01/lcp#EncryptedContentKey" />
		</ds:KeyInfo>
		<enc:CipherData>
			<enc:CipherReference URI="OEBPS/images/graphics_21.jpg" />
		</enc:CipherData>
	</enc:EncryptedData>
	<enc:EncryptedData Id="ED55">
		<enc:EncryptionMethod Algorithm="http://www.w3.org/2001/04/xmlenc#aes256-cbc" />
		<ds:KeyInfo>
			<ds:RetrievalMethod URI="license.lcpl#/encryption/content_key" Type="http://readium.org/2014/01/lcp#EncryptedContentKey" />
		</ds:KeyInfo>
		<enc:CipherData>
			<enc:CipherReference URI="OEBPS/images/graphics_22.jpg" />
		</enc:CipherData>
	</enc:EncryptedData>
	<enc:EncryptedData Id="ED56">
		<enc:EncryptionMethod Algorithm="http://www.w3.org/2001/04/xmlenc#aes256-cbc" />
		<ds:KeyInfo>
			<ds:RetrievalMethod URI="license.lcpl#/encryption/content_key" Type="http://readium.org/2014/01/lcp#EncryptedContentKey" />
		</ds:KeyInfo>
		<enc:CipherData>
			<enc:CipherReference URI="OEBPS/images/graphics_23.jpg" />
		</enc:CipherData>
	</enc:EncryptedData>
	<enc:EncryptedData Id="ED57">
		<enc:EncryptionMethod Algorithm="http://www.w3.org/2001/04/xmlenc#aes256-cbc" />
		<ds:KeyInfo>
			<ds:RetrievalMethod URI="license.lcpl#/encryption/content_key" Type="http://readium.org/2014/01/lcp#EncryptedContentKey" />
		</ds:KeyInfo>
		<enc:CipherData>
			<enc:CipherReference URI="OEBPS/images/graphics_24.jpg" />
		</enc:CipherData>
	</enc:EncryptedData>
	<enc:EncryptedData Id="ED58">
		<enc:EncryptionMethod Algorithm="http://www.w3.org/2001/04/xmlenc#aes256-cbc" />
		<ds:KeyInfo>
			<ds:RetrievalMethod URI="license.lcpl#/encryption/content_key" Type="http://readium.org/2014/01/lcp#EncryptedContentKey" />
		</ds:KeyInfo>
		<enc:CipherData>
			<enc:CipherReference URI="OEBPS/images/graphics_25.jpg" />
		</enc:CipherData>
	</enc:EncryptedData>
	<enc:EncryptedData Id="ED59">
		<enc:EncryptionMethod Algorithm="http://www.w3.org/2001/04/xmlenc#aes256-cbc" />
		<ds:KeyInfo>
			<ds:RetrievalMethod URI="license.lcpl#/encryption/content_key" Type="http://readium.org/2014/01/lcp#EncryptedContentKey" />
		</ds:KeyInfo>
		<enc:CipherData>
			<enc:CipherReference URI="OEBPS/images/graphics_26.jpg" />
		</enc:CipherData>
	</enc:EncryptedData>
	<enc:EncryptedData Id="ED60">
		<enc:EncryptionMethod Algorithm="http://www.w3.org/2001/04/xmlenc#aes256-cbc" />
		<ds:KeyInfo>
			<ds:RetrievalMethod URI="license.lcpl#/encryption/content_key" Type="http://readium.org/2014/01/lcp#EncryptedContentKey" />
		</ds:KeyInfo>
		<enc:CipherData>
			<enc:CipherReference URI="OEBPS/images/graphics_27.jpg" />
		</enc:CipherData>
	</enc:EncryptedData>
	<enc:EncryptedData Id="ED61">
		<enc:EncryptionMethod Algorithm="http://www.w3.org/2001/04/xmlenc#aes256-cbc" />
		<ds:KeyInfo>
			<ds:RetrievalMethod URI="license.lcpl#/encryption/content_key" Type="http://readium.org/2014/01/lcp#EncryptedContentKey" />
		</ds:KeyInfo>
		<enc:CipherData>
			<enc:CipherReference URI="OEBPS/images/graphics_28.jpg" />
		</enc:CipherData>
	</enc:EncryptedData>
	<enc:EncryptedData Id="ED62">
		<enc:EncryptionMethod Algorithm="http://www.w3.org/2001/04/xmlenc#aes256-cbc" />
		<ds:KeyInfo>
			<ds:RetrievalMethod URI="license.lcpl#/encryption/content_key" Type="http://readium.org/2014/01/lcp#EncryptedContentKey" />
		</ds:KeyInfo>
		<enc:CipherData>
			<enc:CipherReference URI="OEBPS/images/graphics_29.jpg" />
		</enc:CipherData>
	</enc:EncryptedData>
	<enc:EncryptedData Id="ED63">
		<enc:EncryptionMethod Algorithm="http://www.w3.org/2001/04/xmlenc#aes256-cbc" />
		<ds:KeyInfo>
			<ds:RetrievalMethod URI="license.lcpl#/encryption/content_key" Type="http://readium.org/2014/01/lcp#EncryptedContentKey" />
		</ds:KeyInfo>
		<enc:CipherData>
			<enc:CipherReference URI="OEBPS/images/graphics_3.jpg" />
		</enc:CipherData>
	</enc:EncryptedData>
	<enc:EncryptedData Id="ED64">
		<enc:EncryptionMethod Algorithm="http://www.w3.org/2001/04/xmlenc#aes256-cbc" />
		<ds:KeyInfo>
			<ds:RetrievalMethod URI="license.lcpl#/encryption/content_key" Type="http://readium.org/2014/01/lcp#EncryptedContentKey" />
		</ds:KeyInfo>
		<enc:CipherData>
			<enc:CipherReference URI="OEBPS/images/graphics_30.jpg" />
		</enc:CipherData>
	</enc:EncryptedData>
	<enc:EncryptedData Id="ED65">
		<enc:EncryptionMethod Algorithm="http://www.w3.org/2001/04/xmlenc#aes256-cbc" />
		<ds:KeyInfo>
			<ds:RetrievalMethod URI="license.lcpl#/encryption/content_key" Type="http://readium.org/2014/01/lcp#EncryptedContentKey" />
		</ds:KeyInfo>
		<enc:CipherData>
			<enc:CipherReference URI="OEBPS/images/graphics_31.jpg" />
		</enc:CipherData>
	</enc:EncryptedData>
	<enc:EncryptedData Id="ED66">
		<enc:EncryptionMethod Algorithm="http://www.w3.org/2001/04/xmlenc#aes256-cbc" />
		<ds:KeyInfo>
			<ds:RetrievalMethod URI="license.lcpl#/encryption/content_key" Type="http://readium.org/2014/01/lcp#EncryptedContentKey" />
		</ds:KeyInfo>
		<enc:CipherData>
			<enc:CipherReference URI="OEBPS/images/graphics_32.jpg" />
		</enc:CipherData>
	</enc:EncryptedData>
	<enc:EncryptedData Id="ED67">
		<enc:EncryptionMethod Algorithm="http://www.w3.org/2001/04/xmlenc#aes256-cbc" />
		<ds:KeyInfo>
			<ds:RetrievalMethod URI="license.lcpl#/encryption/content_key" Type="http://readium.org/2014/01/lcp#EncryptedContentKey" />
		</ds:KeyInfo>
		<enc:CipherData>
			<enc:CipherReference URI="OEBPS/images/graphics_33.jpg" />
		</enc:CipherData>
	</enc:EncryptedData>
	<enc:EncryptedData Id="ED68">
		<enc:EncryptionMethod Algorithm="http://www.w3.org/2001/04/xmlenc#aes256-cbc" />
		<ds:KeyInfo>
			<ds:RetrievalMethod URI="license.lcpl#/encryption/content_key" Type="http://readium.org/2014/01/lcp#EncryptedContentKey" />
		</ds:KeyInfo>
		<enc:CipherData>
			<enc:CipherReference URI="OEBPS/images/graphics_34.jpg" />
		</enc:CipherData>
	</enc:EncryptedData>
	<enc:EncryptedData Id="ED69">
		<enc:EncryptionMethod Algorithm="http://www.w3.org/2001/04/xmlenc#aes256-cbc" />
		<ds:KeyInfo>
			<ds:RetrievalMethod URI="license.lcpl#/encryption/content_key" Type="http://readium.org/2014/01/lcp#EncryptedContentKey" />
		</ds:KeyInfo>
		<enc:CipherData>
			<enc:CipherReference URI="OEBPS/images/graphics_36.jpg" />
		</enc:CipherData>
	</enc:EncryptedData>
	<enc:EncryptedData Id="ED70">
		<enc:EncryptionMethod Algorithm="http://www.w3.org/2001/04/xmlenc#aes256-cbc" />
		<ds:KeyInfo>
			<ds:RetrievalMethod URI="license.lcpl#/encryption/content_key" Type="http://readium.org/2014/01/lcp#EncryptedContentKey" />
		</ds:KeyInfo>
		<enc:CipherData>
			<enc:CipherReference URI="OEBPS/images/graphics_37.jpg" />
		</enc:CipherData>
	</enc:EncryptedData>
	<enc:EncryptedData Id="ED71">
		<enc:EncryptionMethod Algorithm="http://www.w3.org/2001/04/xmlenc#aes256-cbc" />
		<ds:KeyInfo>
			<ds:RetrievalMethod URI="license.lcpl#/encryption/content_key" Type="http://readium.org/2014/01/lcp#EncryptedContentKey" />
		</ds:KeyInfo>
		<enc:CipherData>
			<enc:CipherReference URI="OEBPS/images/graphics_4.jpg" />
		</enc:CipherData>
	</enc:EncryptedData>
	<enc:EncryptedData Id="ED72">
		<enc:EncryptionMethod Algorithm="http://www.w3.org/2001/04/xmlenc#aes256-cbc" />
		<ds:KeyInfo>
			<ds:RetrievalMethod URI="license.lcpl#/encryption/content_key" Type="http://readium.org/2014/01/lcp#EncryptedContentKey" />
		</ds:KeyInfo>
		<enc:CipherData>
			<enc:CipherReference URI="OEBPS/images/graphics_5.jpg" />
		</enc:CipherData>
	</enc:EncryptedData>
	<enc:EncryptedData Id="ED73">
		<enc:EncryptionMethod Algorithm="http://www.w3.org/2001/04/xmlenc#aes256-cbc" />
		<ds:KeyInfo>
			<ds:RetrievalMethod URI="license.lcpl#/encryption/content_key" Type="http://readium.org/2014/01/lcp#EncryptedContentKey" />
		</ds:KeyInfo>
		<enc:CipherData>
			<enc:CipherReference URI="OEBPS/images/graphics_6.jpg" />
		</enc:CipherData>
	</enc:EncryptedData>
	<enc:EncryptedData Id="ED74">
		<enc:EncryptionMethod Algorithm="http://www.w3.org/2001/04/xmlenc#aes256-cbc" />
		<ds:KeyInfo>
			<ds:RetrievalMethod URI="license.lcpl#/encryption/content_key" Type="http://readium.org/2014/01/lcp#EncryptedContentKey" />
		</ds:KeyInfo>
		<enc:CipherData>
			<enc:CipherReference URI="OEBPS/images/graphics_7.jpg" />
		</enc:CipherData>
	</enc:EncryptedData>
	<enc:EncryptedData Id="ED75">
		<enc:EncryptionMethod Algorithm="http://www.w3.org/2001/04/xmlenc#aes256-cbc" />
		<ds:KeyInfo>
			<ds:RetrievalMethod URI="license.lcpl#/encryption/content_key" Type="http://readium.org/2014/01/lcp#EncryptedContentKey" />
		</ds:KeyInfo>
		<enc:CipherData>
			<enc:CipherReference URI="OEBPS/images/graphics_8.jpg" />
		</enc:CipherData>
	</enc:EncryptedData>
	<enc:EncryptedData Id="ED76">
		<enc:EncryptionMethod Algorithm="http://www.w3.org/2001/04/xmlenc#aes256-cbc" />
		<ds:KeyInfo>
			<ds:RetrievalMethod URI="license.lcpl#/encryption/content_key" Type="http://readium.org/2014/01/lcp#EncryptedContentKey" />
		</ds:KeyInfo>
		<enc:CipherData>
			<enc:CipherReference URI="OEBPS/images/graphics_9.jpg" />
		</enc:CipherData>
	</enc:EncryptedData>
	<enc:EncryptedData Id="ED77">
		<enc:EncryptionMethod Algorithm="http://www.w3.org/2001/04/xmlenc#aes256-cbc" />
		<ds:KeyInfo>
			<ds:RetrievalMethod URI="license.lcpl#/encryption/content_key" Type="http://readium.org/2014/01/lcp#EncryptedContentKey" />
		</ds:KeyInfo>
		<enc:CipherData>
			<enc:CipherReference URI="OEBPS/nav.xhtml" />
		</enc:CipherData>
	</enc:EncryptedData>
	<enc:EncryptedData Id="ED78">
		<enc:EncryptionMethod Algorithm="http://www.w3.org/2001/04/xmlenc#aes256-cbc" />
		<ds:KeyInfo>
			<ds:RetrievalMethod URI="license.lcpl#/encryption/content_key" Type="http://readium.org/2014/01/lcp#EncryptedContentKey" />
		</ds:KeyInfo>
		<enc:CipherData>
			<enc:CipherReference URI="OEBPS/pg_1.xhtml" />
		</enc:CipherData>
	</enc:EncryptedData>
	<enc:EncryptedData Id="ED79">
		<enc:EncryptionMethod Algorithm="http://www.w3.org/2001/04/xmlenc#aes256-cbc" />
		<ds:KeyInfo>
			<ds:RetrievalMethod URI="license.lcpl#/encryption/content_key" Type="http://readium.org/2014/01/lcp#EncryptedContentKey" />
		</ds:KeyInfo>
		<enc:CipherData>
			<enc:CipherReference URI="OEBPS/pg_10.smil" />
		</enc:CipherData>
	</enc:EncryptedData>
	<enc:EncryptedData Id="ED80">
		<enc:EncryptionMethod Algorithm="http://www.w3.org/2001/04/xmlenc#aes256-cbc" />
		<ds:KeyInfo>
			<ds:RetrievalMethod URI="license.lcpl#/encryption/content_key" Type="http://readium.org/2014/01/lcp#EncryptedContentKey" />
		</ds:KeyInfo>
		<enc:CipherData>
			<enc:CipherReference URI="OEBPS/pg_10.xhtml" />
		</enc:CipherData>
	</enc:EncryptedData>
	<enc:EncryptedData Id="ED81">
		<enc:EncryptionMethod Algorithm="http://www.w3.org/2001/04/xmlenc#aes256-cbc" />
		<ds:KeyInfo>
			<ds:RetrievalMethod URI="license.lcpl#/encryption/content_key" Type="http://readium.org/2014/01/lcp#EncryptedContentKey" />
		</ds:KeyInfo>
		<enc:CipherData>
			<enc:CipherReference URI="OEBPS/pg_11.xhtml" />
		</enc:CipherData>
	</enc:EncryptedData>
	<enc:EncryptedData Id="ED82">
		<enc:EncryptionMethod Algorithm="http://www.w3.org/2001/04/xmlenc#aes256-cbc" />
		<ds:KeyInfo>
			<ds:RetrievalMethod URI="license.lcpl#/encryption/content_key" Type="http://readium.org/2014/01/lcp#EncryptedContentKey" />
		</ds:KeyInfo>
		<enc:CipherData>
			<enc:CipherReference URI="OEBPS/pg_12.smil" />
		</enc:CipherData>
	</enc:EncryptedData>
	<enc:EncryptedData Id="ED83">
		<enc:EncryptionMethod Algorithm="http://www.w3.org/2001/04/xmlenc#aes256-cbc" />
		<ds:KeyInfo>
			<ds:RetrievalMethod URI="license.lcpl#/encryption/content_key" Type="http://readium.org/2014/01/lcp#EncryptedContentKey" />
		</ds:KeyInfo>
		<enc:CipherData>
			<enc:CipherReference URI="OEBPS/pg_12.xhtml" />
		</enc:CipherData>
	</enc:EncryptedData>
	<enc:EncryptedData Id="ED84">
		<enc:EncryptionMethod Algorithm="http://www.w3.org/2001/04/xmlenc#aes256-cbc" />
		<ds:KeyInfo>
			<ds:RetrievalMethod URI="license.lcpl#/encryption/content_key" Type="http://readium.org/2014/01/lcp#EncryptedContentKey" />
		</ds:KeyInfo>
		<enc:CipherData>
			<enc:CipherReference URI="OEBPS/pg_13.smil" />
		</enc:CipherData>
	</enc:EncryptedData>
	<enc:EncryptedData Id="ED85">
		<enc:EncryptionMethod Algorithm="http://www.w3.org/2001/04/xmlenc#aes256-cbc" />
		<ds:KeyInfo>
			<ds:RetrievalMethod URI="license.lcpl#/encryption/content_key" Type="http://readium.org/2014/01/lcp#EncryptedContentKey" />
		</ds:KeyInfo>
		<enc:CipherData>
			<enc:CipherReference URI="OEBPS/pg_13.xhtml" />
		</enc:CipherData>
	</enc:EncryptedData>
	<enc:EncryptedData Id="ED86">
		<enc:EncryptionMethod Algorithm="http://www.w3.org/2001/04/xmlenc#aes256-cbc" />
		<ds:KeyInfo>
			<ds:RetrievalMethod URI="license.lcpl#/encryption/content_key" Type="http://readium.org/2014/01/lcp#EncryptedContentKey" />
		</ds:KeyInfo>
		<enc:CipherData>
			<enc:CipherReference URI="OEBPS/pg_14.smil" />
		</enc:CipherData>
	</enc:EncryptedData>
	<enc:EncryptedData Id="ED87">
		<enc:EncryptionMethod Algorithm="http://www.w3.org/2001/04/xmlenc#aes256-cbc" />
		<ds:KeyInfo>
			<ds:RetrievalMethod URI="license.lcpl#/encryption/content_key" Type="http://readium.org/2014/01/lcp#EncryptedContentKey" />
		</ds:KeyInfo>
		<enc:CipherData>
			<enc:CipherReference URI="OEBPS/pg_14.xhtml" />
		</enc:CipherData>
	</enc:EncryptedData>
	<enc:EncryptedData Id="ED88">
		<enc:EncryptionMethod Algorithm="http://www.w3.org/2001/04/xmlenc#aes256-cbc" />
		<ds:KeyInfo>
			<ds:RetrievalMethod URI="license.lcpl#/encryption/content_key" Type="http://readium.org/2014/01/lcp#EncryptedContentKey" />
		</ds:KeyInfo>
		<enc:CipherData>
			<enc:CipherReference URI="OEBPS/pg_15.smil" />
		</enc:CipherData>
	</enc:EncryptedData>
	<enc:EncryptedData Id="ED89">
		<enc:EncryptionMethod Algorithm="http://www.w3.org/2001/04/xmlenc#aes256-cbc" />
		<ds:KeyInfo>
			<ds:RetrievalMethod URI="license.lcpl#/encryption/content_key" Type="http://readium.org/2014/01/lcp#EncryptedContentKey" />
		</ds:KeyInfo>
		<enc:CipherData>
			<enc:CipherReference URI="OEBPS/pg_15.xhtml" />
		</enc:CipherData>
	</enc:EncryptedData>
	<enc:EncryptedData Id="ED90">
		<enc:EncryptionMethod Algorithm="http://www.w3.org/2001/04/xmlenc#aes256-cbc" />
		<ds:KeyInfo>
			<ds:RetrievalMethod URI="license.lcpl#/encryption/content_key" Type="http://readium.org/2014/01/lcp#EncryptedContentKey" />
		</ds:KeyInfo>
		<enc:CipherData>
			<enc:CipherReference URI="OEBPS/pg_16.smil" />
		</enc:CipherData>
	</enc:EncryptedData>
	<enc:EncryptedData Id="ED91">
		<enc:EncryptionMethod Algorithm="http://www.w3.org/2001/04/xmlenc#aes256-cbc" />
		<ds:KeyInfo>
			<ds:RetrievalMethod URI="license.lcpl#/encryption/content_key" Type="http://readium.org/2014/01/lcp#EncryptedContentKey" />
		</ds:KeyInfo>
		<enc:CipherData>
			<enc:CipherReference URI="OEBPS/pg_16.xhtml" />
		</enc:CipherData>
	</enc:EncryptedData>
	<enc:EncryptedData Id="ED92">
		<enc:EncryptionMethod Algorithm="http://www.w3.org/2001/04/xmlenc#aes256-cbc" />
		<ds:KeyInfo>
			<ds:RetrievalMethod URI="license.lcpl#/encryption/content_key" Type="http://readium.org/2014/01/lcp#EncryptedContentKey" />
		</ds:KeyInfo>
		<enc:CipherData>
			<enc:CipherReference URI="OEBPS/pg_17.smil" />
		</enc:CipherData>
	</enc:EncryptedData>
	<enc:EncryptedData Id="ED93">
		<enc:EncryptionMethod Algorithm="http://www.w3.org/2001/04/xmlenc#aes256-cbc" />
		<ds:KeyInfo>
			<ds:RetrievalMethod URI="license.lcpl#/encryption/content_key" Type="http://readium.org/2014/01/lcp#EncryptedContentKey" />
		</ds:KeyInfo>
		<enc:CipherData>
			<enc:CipherReference URI="OEBPS/pg_17.xhtml" />
		</enc:CipherData>
	</enc:EncryptedData>
	<enc:EncryptedData Id="ED94">
		<enc:EncryptionMethod Algorithm="http://www.w3.org/2001/04/xmlenc#aes256-cbc" />
		<ds:KeyInfo>
			<ds:RetrievalMethod URI="license.lcpl#/encryption/content_key" Type="http://readium.org/2014/01/lcp#EncryptedContentKey" />
		</ds:KeyInfo>
		<enc:CipherData>
			<enc:CipherReference URI="OEBPS/pg_18.smil" />
		</enc:CipherData>
	</enc:EncryptedData>
	<enc:EncryptedData Id="ED95">
		<enc:EncryptionMethod Algorithm="http://www.w3.org/2001/04/xmlenc#aes256-cbc" />
		<ds:KeyInfo>
			<ds:RetrievalMethod URI="license.lcpl#/encryption/content_key" Type="http://readium.org/2014/01/lcp#EncryptedContentKey" />
		</ds:KeyInfo>
		<enc:CipherData>
			<enc:CipherReference URI="OEBPS/pg_18.xhtml" />
		</enc:CipherData>
	</enc:EncryptedData>
	<enc:EncryptedData Id="ED96">
		<enc:EncryptionMethod Algorithm="http://www.w3.org/2001/04/xmlenc#aes256-cbc" />
		<ds:KeyInfo>
			<ds:RetrievalMethod URI="license.lcpl#/encryption/content_key" Type="http://readium.org/2014/01/lcp#EncryptedContentKey" />
		</ds:KeyInfo>
		<enc:CipherData>
			<enc:CipherReference URI="OEBPS/pg_19.smil" />
		</enc:CipherData>
	</enc:EncryptedData>
	<enc:EncryptedData Id="ED97">
		<enc:EncryptionMethod Algorithm="http://www.w3.org/2001/04/xmlenc#aes256-cbc" />
		<ds:KeyInfo>
			<ds:RetrievalMethod URI="license.lcpl#/encryption/content_key" Type="http://readium.org/2014/01/lcp#EncryptedContentKey" />
		</ds:KeyInfo>
		<enc:CipherData>
			<enc:CipherReference URI="OEBPS/pg_19.xhtml" />
		</enc:CipherData>
	</enc:EncryptedData>
	<enc:EncryptedData Id="ED98">
		<enc:EncryptionMethod Algorithm="http://www.w3.org/2001/04/xmlenc#aes256-cbc" />
		<ds:KeyInfo>
			<ds:RetrievalMethod URI="license.lcpl#/encryption/content_key" Type="http://readium.org/2014/01/lcp#EncryptedContentKey" />
		</ds:KeyInfo>
		<enc:CipherData>
			<enc:CipherReference URI="OEBPS/pg_2.smil" />
		</enc:CipherData>
	</enc:EncryptedData>
	<enc:EncryptedData Id="ED99">
		<enc:EncryptionMethod Algorithm="http://www.w3.org/2001/04/xmlenc#aes256-cbc" />
		<ds:KeyInfo>
			<ds:RetrievalMethod URI="license.lcpl#/encryption/content_key" Type="http://readium.org/2014/01/lcp#EncryptedContentKey" />
		</ds:KeyInfo>
		<enc:CipherData>
			<enc:CipherReference URI="OEBPS/pg_2.xhtml" />
		</enc:CipherData>
	</enc:EncryptedData>
	<enc:EncryptedData Id="ED100">
		<enc:EncryptionMethod Algorithm="http://www.w3.org/2001/04/xmlenc#aes256-cbc" />
		<ds:KeyInfo>
			<ds:RetrievalMethod URI="license.lcpl#/encryption/content_key" Type="http://readium.org/2014/01/lcp#EncryptedContentKey" />
		</ds:KeyInfo>
		<enc:CipherData>
			<enc:CipherReference URI="OEBPS/pg_20.smil" />
		</enc:CipherData>
	</enc:EncryptedData>
	<enc:EncryptedData Id="ED101">
		<enc:EncryptionMethod Algorithm="http://www.w3.org/2001/04/xmlenc#aes256-cbc" />
		<ds:KeyInfo>
			<ds:RetrievalMethod URI="license.lcpl#/encryption/content_key" Type="http://readium.org/2014/01/lcp#EncryptedContentKey" />
		</ds:KeyInfo>
		<enc:CipherData>
			<enc:CipherReference URI="OEBPS/pg_20.xhtml" />
		</enc:CipherData>
	</enc:EncryptedData>
	<enc:EncryptedData Id="ED102">
		<enc:EncryptionMethod Algorithm="http://www.w3.org/2001/04/xmlenc#aes256-cbc" />
		<ds:KeyInfo>
			<ds:RetrievalMethod URI="license.lcpl#/encryption/content_key" Type="http://readium.org/2014/01/lcp#EncryptedContentKey" />
		</ds:KeyInfo>
		<enc:CipherData>
			<enc:CipherReference URI="OEBPS/pg_21.smil" />
		</enc:CipherData>
	</enc:EncryptedData>
	<enc:EncryptedData Id="ED103">
		<enc:EncryptionMethod Algorithm="http://www.w3.org/2001/04/xmlenc#aes256-cbc" />
		<ds:KeyInfo>
			<ds:RetrievalMethod URI="license.lcpl#/encryption/content_key" Type="http://readium.org/2014/01/lcp#EncryptedContentKey" />
		</ds:KeyInfo>
		<enc:CipherData>
			<enc:CipherReference URI="OEBPS/pg_21.xhtml" />
		</enc:CipherData>
	</enc:EncryptedData>
	<enc:EncryptedData Id="ED104">
		<enc:EncryptionMethod Algorithm="http://www.w3.org/2001/04/xmlenc#aes256-cbc" />
		<ds:KeyInfo>
			<ds:RetrievalMethod URI="license.lcpl#/encryption/content_key" Type="http://readium.org/2014/01/lcp#EncryptedContentKey" />
		</ds:KeyInfo>
		<enc:CipherData>
			<enc:CipherReference URI="OEBPS/pg_22.smil" />
		</enc:CipherData>
	</enc:EncryptedData>
	<enc:EncryptedData Id="ED105">
		<enc:EncryptionMethod Algorithm="http://www.w3.org/2001/04/xmlenc#aes256-cbc" />
		<ds:KeyInfo>
			<ds:RetrievalMethod URI="license.lcpl#/encryption/content_key" Type="http://readium.org/2014/01/lcp#EncryptedContentKey" />
		</ds:KeyInfo>
		<enc:CipherData>
			<enc:CipherReference URI="OEBPS/pg_22.xhtml" />
		</enc:CipherData>
	</enc:EncryptedData>
	<enc:EncryptedData Id="ED106">
		<enc:EncryptionMethod Algorithm="http://www.w3.org/2001/04/xmlenc#aes256-cbc" />
		<ds:KeyInfo>
			<ds:RetrievalMethod URI="license.lcpl#/encryption/content_key" Type="http://readium.org/2014/01/lcp#EncryptedContentKey" />
		</ds:KeyInfo>
		<enc:CipherData>
			<enc:CipherReference URI="OEBPS/pg_23.smil" />
		</enc:CipherData>
	</enc:EncryptedData>
	<enc:EncryptedData Id="ED107">
		<enc:EncryptionMethod Algorithm="http://www.w3.org/2001/04/xmlenc#aes256-cbc" />
		<ds:KeyInfo>
			<ds:RetrievalMethod URI="license.lcpl#/encryption/content_key" Type="http://readium.org/2014/01/lcp#EncryptedContentKey" />
		</ds:KeyInfo>
		<enc:CipherData>
			<enc:CipherReference URI="OEBPS/pg_23.xhtml" />
		</enc:CipherData>
	</enc:EncryptedData>
	<enc:EncryptedData Id="ED108">
		<enc:EncryptionMethod Algorithm="http://www.w3.org/2001/04/xmlenc#aes256-cbc" />
		<ds:KeyInfo>
			<ds:RetrievalMethod URI="license.lcpl#/encryption/content_key" Type="http://readium.org/2014/01/lcp#EncryptedContentKey" />
		</ds:KeyInfo>
		<enc:CipherData>
			<enc:CipherReference URI="OEBPS/pg_24.smil" />
		</enc:CipherData>
	</enc:EncryptedData>
	<enc:EncryptedData Id="ED109">
		<enc:EncryptionMethod Algorithm="http://www.w3.org/2001/04/xmlenc#aes256-cbc" />
		<ds:KeyInfo>
			<ds:RetrievalMethod URI="license.lcpl#/encryption/content_key" Type="http://readium.org/2014/01/lcp#EncryptedContentKey" />
		</ds:KeyInfo>
		<enc:CipherData>
			<enc:CipherReference URI="OEBPS/pg_24.xhtml" />
		</enc:CipherData>
	</enc:EncryptedData>
	<enc:EncryptedData Id="ED110">
		<enc:EncryptionMethod Algorithm="http://www.w3.org/2001/04/xmlenc#aes256-cbc" />
		<ds:KeyInfo>
			<ds:RetrievalMethod URI="license.lcpl#/encryption/content_key" Type="http://readium.org/2014/01/lcp#EncryptedContentKey" />
		</ds:KeyInfo>
		<enc:CipherData>
			<enc:CipherReference URI="OEBPS/pg_25.smil" />
		</enc:CipherData>
	</enc:EncryptedData>
	<enc:EncryptedData Id="ED111">
		<enc:EncryptionMethod Algorithm="http://www.w3.org/2001/04/xmlenc#aes256-cbc" />
		<ds:KeyInfo>
			<ds:RetrievalMethod URI="license.lcpl#/encryption/content_key" Type="http://readium.org/2014/01/lcp#EncryptedContentKey" />
		</ds:KeyInfo>
		<enc:CipherData>
			<enc:CipherReference URI="OEBPS/pg_25.xhtml" />
		</enc:CipherData>
	</enc:EncryptedData>
	<enc:EncryptedData Id="ED112">
		<enc:EncryptionMethod Algorithm="http://www.w3.org/2001/04/xmlenc#aes256-cbc" />
		<ds:KeyInfo>
			<ds:RetrievalMethod URI="license.lcpl#/encryption/content_key" Type="http://readium.org/2014/01/lcp#EncryptedContentKey" />
		</ds:KeyInfo>
		<enc:CipherData>
			<enc:CipherReference URI="OEBPS/pg_26.smil" />
		</enc:CipherData>
	</enc:EncryptedData>
	<enc:EncryptedData Id="ED113">
		<enc:EncryptionMethod Algorithm="http://www.w3.org/2001/04/xmlenc#aes256-cbc" />
		<ds:KeyInfo>
			<ds:RetrievalMethod URI="license.lcpl#/encryption/content_key" Type="http://readium.org/2014/01/lcp#EncryptedContentKey" />
		</ds:KeyInfo>
		<enc:CipherData>
			<enc:CipherReference URI="OEBPS/pg_26.xhtml" />
		</enc:CipherData>
	</enc:EncryptedData>
	<enc:EncryptedData Id="ED114">
		<enc:EncryptionMethod Algorithm="http://www.w3.org/2001/04/xmlenc#aes256-cbc" />
		<ds:KeyInfo>
			<ds:RetrievalMethod URI="license.lcpl#/encryption/content_key" Type="http://readium.org/2014/01/lcp#EncryptedContentKey" />
		</ds:KeyInfo>
		<enc:CipherData>
			<enc:CipherReference URI="OEBPS/pg_27.xhtml" />
		</enc:CipherData>
	</enc:EncryptedData>
	<enc:EncryptedData Id="ED115">
		<enc:EncryptionMethod Algorithm="http://www.w3.org/2001/04/xmlenc#aes256-cbc" />
		<ds:KeyInfo>
			<ds:RetrievalMethod URI="license.lcpl#/encryption/content_key" Type="http://readium.org/2014/01/lcp#EncryptedContentKey" />
		</ds:KeyInfo>
		<enc:CipherData>
			<enc:CipherReference URI="OEBPS/pg_28.smil" />
		</enc:CipherData>
	</enc:EncryptedData>
	<enc:EncryptedData Id="ED116">
		<enc:EncryptionMethod Algorithm="http://www.w3.org/2001/04/xmlenc#aes256-cbc" />
		<ds:KeyInfo>
			<ds:RetrievalMethod URI="license.lcpl#/encryption/content_key" Type="http://readium.org/2014/01/lcp#EncryptedContentKey" />
		</ds:KeyInfo>
		<enc:CipherData>
			<enc:CipherReference URI="OEBPS/pg_28.xhtml" />
		</enc:CipherData>
	</enc:EncryptedData>
	<enc:EncryptedData Id="ED117">
		<enc:EncryptionMethod Algorithm="http://www.w3.org/2001/04/xmlenc#aes256-cbc" />
		<ds:KeyInfo>
			<ds:RetrievalMethod URI="license.lcpl#/encryption/content_key" Type="http://readium.org/2014/01/lcp#EncryptedContentKey" />
		</ds:KeyInfo>
		<enc:CipherData>
			<enc:CipherReference URI="OEBPS/pg_29.xhtml" />
		</enc:CipherData>
	</enc:EncryptedData>
	<enc:EncryptedData Id="ED118">
		<enc:EncryptionMethod Algorithm="http://www.w3.org/2001/04/xmlenc#aes256-cbc" />
		<ds:KeyInfo>
			<ds:RetrievalMethod URI="license.lcpl#/encryption/content_key" Type="http://readium.org/2014/01/lcp#EncryptedContentKey" />
		</ds:KeyInfo>
		<enc:CipherData>
			<enc:CipherReference URI="OEBPS/pg_3.xhtml" />
		</enc:CipherData>
	</enc:EncryptedData>
	<enc:EncryptedData Id="ED119">
		<enc:EncryptionMethod Algorithm="http://www.w3.org/2001/04/xmlenc#aes256-cbc" />
		<ds:KeyInfo>
			<ds:RetrievalMethod URI="license.lcpl#/encryption/content_key" Type="http://readium.org/2014/01/lcp#EncryptedContentKey" />
		</ds:KeyInfo>
		<enc:CipherData>
			<enc:CipherReference URI="OEBPS/pg_30.smil" />
		</enc:CipherData>
	</enc:EncryptedData>
	<enc:EncryptedData Id="ED120">
		<enc:EncryptionMethod Algorithm="http://www.w3.org/2001/04/xmlenc#aes256-cbc" />
		<ds:KeyInfo>
			<ds:RetrievalMethod URI="license.lcpl#/encryption/content_key" Type="http://readium.org/2014/01/lcp#EncryptedContentKey" />
		</ds:KeyInfo>
		<enc:CipherData>
			<enc:CipherReference URI="OEBPS/pg_30.xhtml" />
		</enc:CipherData>
	</enc:EncryptedData>
	<enc:EncryptedData Id="ED121">
		<enc:EncryptionMethod Algorithm="http://www.w3.org/2001/04/xmlenc#aes256-cbc" />
		<ds:KeyInfo>
			<ds:RetrievalMethod URI="license.lcpl#/encryption/content_key" Type="http://readium.org/2014/01/lcp#EncryptedContentKey" />
		</ds:KeyInfo>
		<enc:CipherData>
			<enc:CipherReference URI="OEBPS/pg_31.xhtml" />
		</enc:CipherData>
	</enc:EncryptedData>
	<enc:EncryptedData Id="ED122">
		<enc:EncryptionMethod Algorithm="http://www.w3.org/2001/04/xmlenc#aes256-cbc" />
		<ds:KeyInfo>
			<ds:RetrievalMethod URI="license.lcpl#/encryption/content_key" Type="http://readium.org/2014/01/lcp#EncryptedContentKey" />
		</ds:KeyInfo>
		<enc:CipherData>
			<enc:CipherReference URI="OEBPS/pg_32.smil" />
		</enc:CipherData>
	</enc:EncryptedData>
	<enc:EncryptedData Id="ED123">
		<enc:EncryptionMethod Algorithm="http://www.w3.org/2001/04/xmlenc#aes256-cbc" />
		<ds:KeyInfo>
			<ds:RetrievalMethod URI="license.lcpl#/encryption/content_key" Type="http://readium.org/2014/01/lcp#EncryptedContentKey" />
		</ds:KeyInfo>
		<enc:CipherData>
			<enc:CipherReference URI="OEBPS/pg_32.xhtml" />
		</enc:CipherData>
	</enc:EncryptedData>
	<enc:EncryptedData Id="ED124">
		<enc:EncryptionMethod Algorithm="http://www.w3.org/2001/04/xmlenc#aes256-cbc" />
		<ds:KeyInfo>
			<ds:RetrievalMethod URI="license.lcpl#/encryption/content_key" Type="http://readium.org/2014/01/lcp#EncryptedContentKey" />
		</ds:KeyInfo>
		<enc:CipherData>
			<enc:CipherReference URI="OEBPS/pg_33.smil" />
		</enc:CipherData>
	</enc:EncryptedData>
	<enc:EncryptedData Id="ED125">
		<enc:EncryptionMethod Algorithm="http://www.w3.org/2001/04/xmlenc#aes256-cbc" />
		<ds:KeyInfo>
			<ds:RetrievalMethod URI="license.lcpl#/encryption/content_key" Type="http://readium.org/2014/01/lcp#EncryptedContentKey" />
		</ds:KeyInfo>
		<enc:CipherData>
			<enc:CipherReference URI="OEBPS/pg_33.xhtml" />
		</enc:CipherData>
	</enc:EncryptedData>
	<enc:EncryptedData Id="ED126">
		<enc:EncryptionMethod Algorithm="http://www.w3.org/2001/04/xmlenc#aes256-cbc" />
		<ds:KeyInfo>
			<ds:RetrievalMethod URI="license.lcpl#/encryption/content_key" Type="http://readium.org/2014/01/lcp#EncryptedContentKey" />
		</ds:KeyInfo>
		<enc:CipherData>
			<enc:CipherReference URI="OEBPS/pg_34.xhtml" />
		</enc:CipherData>
	</enc:EncryptedData>
	<enc:EncryptedData Id="ED127">
		<enc:EncryptionMethod Algorithm="http://www.w3.org/2001/04/xmlenc#aes256-cbc" />
		<ds:KeyInfo>
			<ds:RetrievalMethod URI="license.lcpl#/encryption/content_key" Type="http://readium.org/2014/01/lcp#EncryptedContentKey" />
		</ds:KeyInfo>
		<enc:CipherData>
			<enc:CipherReference URI="OEBPS/pg_35.xhtml" />
		</enc:CipherData>
	</enc:EncryptedData>
	<enc:EncryptedData Id="ED128">
		<enc:EncryptionMethod Algorithm="http://www.w3.org/2001/04/xmlenc#aes256-cbc" />
		<ds:KeyInfo>
			<ds:RetrievalMethod URI="license.lcpl#/encryption/content_key" Type="http://readium.org/2014/01/lcp#EncryptedContentKey" />
		</ds:KeyInfo>
		<enc:CipherData>
			<enc:CipherReference URI="OEBPS/pg_36.xhtml" />
		</enc:CipherData>
	</enc:EncryptedData>
	<enc:EncryptedData Id="ED129">
		<enc:EncryptionMethod Algorithm="http://www.w3.org/2001/04/xmlenc#aes256-cbc" />
		<ds:KeyInfo>
			<ds:RetrievalMethod URI="license.lcpl#/encryption/content_key" Type="http://readium.org/2014/01/lcp#EncryptedContentKey" />
		</ds:KeyInfo>
		<enc:CipherData>
			<enc:CipherReference URI="OEBPS/pg_37.xhtml" />
		</enc:CipherData>
	</enc:EncryptedData>
	<enc:EncryptedData Id="ED130">
		<enc:EncryptionMethod Algorithm="http://www.w3.org/2001/04/xmlenc#aes256-cbc" />
		<ds:KeyInfo>
			<ds:RetrievalMethod URI="license.lcpl#/encryption/content_key" Type="http://readium.org/2014/01/lcp#EncryptedContentKey" />
		</ds:KeyInfo>
		<enc:CipherData>
			<enc:CipherReference URI="OEBPS/pg_4.xhtml" />
		</enc:CipherData>
	</enc:EncryptedData>
	<enc:EncryptedData Id="ED131">
		<enc:EncryptionMethod Algorithm="http://www.w3.org/2001/04/xmlenc#aes256-cbc" />
		<ds:KeyInfo>
			<ds:RetrievalMethod URI="license.lcpl#/encryption/content_key" Type="http://readium.org/2014/01/lcp#EncryptedContentKey" />
		</ds:KeyInfo>
		<enc:CipherData>
			<enc:CipherReference URI="OEBPS/pg_5.smil" />
		</enc:CipherData>
	</enc:EncryptedData>
	<enc:EncryptedData Id="ED132">
		<enc:EncryptionMethod Algorithm="http://www.w3.org/2001/04/xmlenc#aes256-cbc" />
		<ds:KeyInfo>
			<ds:RetrievalMethod URI="license.lcpl#/encryption/content_key" Type="http://readium.org/2014/01/lcp#EncryptedContentKey" />
		</ds:KeyInfo>
		<enc:CipherData>
			<enc:CipherReference URI="OEBPS/pg_5.xhtml" />
		</enc:CipherData>
	</enc:EncryptedData>
	<enc:EncryptedData Id="ED133">
		<enc:EncryptionMethod Algorithm="http://www.w3.org/2001/04/xmlenc#aes256-cbc" />
		<ds:KeyInfo>
			<ds:RetrievalMethod URI="license.lcpl#/encryption/content_key" Type="http://readium.org/2014/01/lcp#EncryptedContentKey" />
		</ds:KeyInfo>
		<enc:CipherData>
			<enc:CipherReference URI="OEBPS/pg_6.xhtml" />
		</enc:CipherData>
	</enc:EncryptedData>
	<enc:EncryptedData Id="ED134">
		<enc:EncryptionMethod Algorithm="http://www.w3.org/2001/04/xmlenc#aes256-cbc" />
		<ds:KeyInfo>
			<ds:RetrievalMethod URI="license.lcpl#/encryption/content_key" Type="http://readium.org/2014/01/lcp#EncryptedContentKey" />
		</ds:KeyInfo>
		<enc:CipherData>
			<enc:CipherReference URI="OEBPS/pg_7.smil" />
		</enc:CipherData>
	</enc:EncryptedData>
	<enc:EncryptedData Id="ED135">
		<enc:EncryptionMethod Algorithm="http://www.w3.org/2001/04/xmlenc#aes256-cbc" />
		<ds:KeyInfo>
			<ds:RetrievalMethod URI="license.lcpl#/encryption/content_key" Type="http://readium.org/2014/01/lcp#EncryptedContentKey" />
		</ds:KeyInfo>
		<enc:CipherData>
			<enc:CipherReference URI="OEBPS/pg_7.xhtml" />
		</enc:CipherData>
	</enc:EncryptedData>
	<enc:EncryptedData Id="ED136">
		<enc:EncryptionMethod Algorithm="http://www.w3.org/2001/04/xmlenc#aes256-cbc" />
		<ds:KeyInfo>
			<ds:RetrievalMethod URI="license.lcpl#/encryption/content_key" Type="http://readium.org/2014/01/lcp#EncryptedContentKey" />
		</ds:KeyInfo>
		<enc:CipherData>
			<enc:CipherReference URI="OEBPS/pg_8.smil" />
		</enc:CipherData>
	</enc:EncryptedData>
	<enc:EncryptedData Id="ED137">
		<enc:EncryptionMethod Algorithm="http://www.w3.org/2001/04/xmlenc#aes256-cbc" />
		<ds:KeyInfo>
			<ds:RetrievalMethod URI="license.lcpl#/encryption/content_key" Type="http://readium.org/2014/01/lcp#EncryptedContentKey" />
		</ds:KeyInfo>
		<enc:CipherData>
			<enc:CipherReference URI="OEBPS/pg_8.xhtml" />
		</enc:CipherData>
	</enc:EncryptedData>
	<enc:EncryptedData Id="ED138">
		<enc:EncryptionMethod Algorithm="http://www.w3.org/2001/04/xmlenc#aes256-cbc" />
		<ds:KeyInfo>
			<ds:RetrievalMethod URI="license.lcpl#/encryption/content_key" Type="http://readium.org/2014/01/lcp#EncryptedContentKey" />
		</ds:KeyInfo>
		<enc:CipherData>
			<enc:CipherReference URI="OEBPS/pg_9.smil" />
		</enc:CipherData>
	</enc:EncryptedData>
	<enc:EncryptedData Id="ED139">
		<enc:EncryptionMethod Algorithm="http://www.w3.org/2001/04/xmlenc#aes256-cbc" />
		<ds:KeyInfo>
			<ds:RetrievalMethod URI="license.lcpl#/encryption/content_key" Type="http://readium.org/2014/01/lcp#EncryptedContentKey" />
		</ds:KeyInfo>
		<enc:CipherData>
			<enc:CipherReference URI="OEBPS/pg_9.xhtml" />
		</enc:CipherData>
	</enc:EncryptedData>
	<enc:EncryptedData Id="ED140">
		<enc:EncryptionMethod Algorithm="http://www.w3.org/2001/04/xmlenc#aes256-cbc" />
		<ds:KeyInfo>
			<ds:RetrievalMethod URI="license.lcpl#/encryption/content_key" Type="http://readium.org/2014/01/lcp#EncryptedContentKey" />
		</ds:KeyInfo>
		<enc:CipherData>
			<enc:CipherReference URI="OEBPS/styles.css" />
		</enc:CipherData>
	</enc:EncryptedData>
	<enc:EncryptedData Id="ED141">
		<enc:EncryptionMethod Algorithm="http://www.w3.org/2001/04/xmlenc#aes256-cbc" />
		<ds:KeyInfo>
			<ds:RetrievalMethod URI="license.lcpl#/encryption/content_key" Type="http://readium.org/2014/01/lcp#EncryptedContentKey" />
		</ds:KeyInfo>
		<enc:CipherData>
			<enc:CipherReference URI="OEBPS/toc.ncx" />
		</enc:CipherData>
	</enc:EncryptedData>
</encryption>